{
  "baseline": {
    "per_channel_db": [
      3.977329429079174,
      4.863418319588427,
      3.4855120673822126,
      3.7449751197096415
    ],
    "average_db": 4.017808733939864
  },
  "yours": {
    "per_channel_db": [
      10.175254615448502,
      7.655973496273486,
      12.478210453136672,
      6.5392858684933595
    ],
    "average_db": 9.212181108338005
  }
}